Instance,Quadratic Enhancments,SDP Lower Bound,QESDP Lower Bound,Beta,Gamma,Theta
myciel3.col,"['vertex_to_global_color', 'vertex_unique_color', 'adjacent_vertex']",2.305274759767024,3.2124581652356206,0.4647017794200758,5.600489746505741,0.7620915032679738
myciel4.col,"['vertex_to_global_color', 'adjacent_vertex']",2.280222071634984,3.3690417391397163,0.59966596678749,4.4439537442486134,0.6320786142571619
queen5_5.col,"['vertex_to_global_color', 'adjacent_vertex']",2.2833501448934643,4.421888688342706,0.2914982855778188,43.46254940928954,0.7804797896812357
queen6_6.col,"['vertex_to_global_color', 'vertex_unique_color', 'adjacent_vertex']",2.2807411234230095, 5.3894398524784389,  0.3412743813768719, 58.2624199651987339, 0.8477032987154126
2-Insertions_3.col,"['vertex_to_global_color', 'adjacent_vertex']",2.2692186705446993,2.914807092829611, 0.6269959634426571,3.531208280135117,0.6198056455344748
1-FullIns_3.col,"['vertex_to_global_color', 'adjacent_vertex']",2.273719923144781,3.8741464098896516,0.07290450246035222,8.402357081097227,0.6353006168861063
